no_sekolah,nama_sekolah,jenjang,jumlah_siswa,kecamatan_sekolah,lat_sekolah,lng_sekolah,sppg_pelayan,lat_sppg,lng_sppg,jarak_lurus_km
15,Smk Negeri 5 Surabaya,SMA/SMK,1147,GUBENG,-7.2651282,112.7691311,SPPG Kota Surabaya Gubeng Mojo 4,-7.267972089941,112.768710792423,0.32
14,Smpn 29 Surabaya,SMP,1045,GUBENG,-7.2659374,112.7558135,SPPG Kota Surabaya Gubeng Gubeng,-7.271241199817,112.751257658355,0.775
13,Smp Negeri 6 Surabaya,SMP,1006,GUBENG,-7.273867,112.7485632,SPPG Kota Surabaya Gubeng Pucang Sewu,-7.291520585907,112.751491178177,1.989
11,Sd Negeri Pacar Kembang Iv,SD,446,GUBENG,-7.263804,112.7635538,SPPG Kota Surabaya Gubeng Mojo,-7.267169019797,112.766468968599,0.493
5,Sd Negeri Kertajaya Iv,SD,442,GUBENG,-7.2832467,112.7518648,SPPG Kota Surabaya Gubeng Baratajaya 2,-7.2943,112.7602,1.535
1,Sd Negeri Airlangga Iii Nomor 200,SD,439,GUBENG,-7.2756469,112.760769,SPPG Kota Surabaya Gubeng Mojo 2,-7.274488307198,112.772301935019,1.279
10,Sd Negeri Pacar Keling X,SD,436,GUBENG,-7.2674335,112.754024,SPPG Kota Surabaya Gubeng Mojo 3,-7.269682854887,112.771483393251,1.942
6,Sd Negeri Kertajaya Ix Nomor 215,SD,424,GUBENG,-7.284033,112.7517944,SPPG Kota Surabaya Gubeng Baratajaya 3,-7.2972536,112.758372,1.639
3,Sd Negeri Kertajaya,SD,421,GUBENG,-7.2834351,112.7598779,SPPG Kota Surabaya Gubeng Baratajaya,-7.298931103836,112.758879574098,1.727
8,Sd Negeri Mojo Vi Nomor 225,SD,418,GUBENG,-7.269058,112.7705012,SPPG Kota Surabaya Gubeng Mojo 3,-7.269682854887,112.771483393251,0.129
4,Sd Negeri Kertajaya I Nomor 2017,SD,417,GUBENG,-7.2796928,112.7596454,SPPG Kota Surabaya Gubeng Mojo 2,-7.274488307198,112.772301935019,1.511
2,Sd Negeri Gubeng I,SD,416,GUBENG,-7.2724586,112.7541806,SPPG Kota Surabaya Gubeng Mojo,-7.267169019797,112.766468968599,1.478
9,Sd Negeri Mojo Viii Nomor 227,SD,414,GUBENG,-7.2708142,112.7629625,SPPG Kota Surabaya Gubeng Baratajaya 2,-7.2943,112.7602,2.629
12,Sekolah Dasar Negeri Gubeng Iii - 206,SD,402,GUBENG,-7.269412,112.7535019,SPPG Kota Surabaya Gubeng Baratajaya 3,-7.2972536,112.758372,3.142
7,Sd Negeri Kertajaya V Nomor 211,SD,400,GUBENG,-7.2802469,112.7539416,SPPG Kota Surabaya Gubeng Baratajaya,-7.298931103836,112.758879574098,2.148
19,Smpn 62 Surabaya,SMP,1056,GUNUNG ANYAR,-7.3417855,112.7947526,SPPG Kota Surabaya Gunung Anyar Gunung Anyar,-7.3334,112.7838,1.526
18,Sd Negeri Rungkut Menanggal Ii,SD,449,GUNUNG ANYAR,-7.3364419,112.7775149,SPPG Kota Surabaya Gunung Anyar Rungkut Menanggal,-7.338715017465,112.771717967825,0.687
17,Sd Negeri Gununganyar Tambak No 628,SD,446,GUNUNG ANYAR,-7.3371773,112.8036513,SPPG Kota Surabaya Gunung Anyar Gunung Anyar 2,-7.24917,112.75083,11.389
16,Sd Negeri Gunung Anyar 273,SD,431,GUNUNG ANYAR,-7.3332211,112.7834048,SPPG Kota Surabaya Gunung Anyar Rungkut Menanggal,-7.338715017465,112.771717967825,1.426
25,Sd Negeri Mulyorejo 1 Dan Smp Negeri 45 Surabaya,SMP,1082,MULYOREJO,-7.2637184,112.7852997,SPPG Kota Surabaya Mulyorejo Mulyorejo 2,-7.266020349492,112.782801261253,0.376
23,Sd Negeri Kejawen Putih 1,SD,440,MULYOREJO,-7.2773006,112.802061,SPPG Kota Surabaya Mulyorejo Kejawan Putih Tambak 3,-7.2813,112.8021,0.445
21,Sd Negeri Kalisari I,SD,437,MULYOREJO,-7.2612227,112.796486,SPPG Kota Surabaya Mulyorejo Kalisari,-7.267039016479,112.798691016062,0.691
20,Sd Negeri Kalijudan Ii,SD,432,MULYOREJO,-7.2571061,112.779005,SPPG Kota Surabaya Mulyorejo Mulyorejo,-7.260168999089,112.781760996572,0.457
22,Sd Negeri Kalisari Ii,SD,420,MULYOREJO,-7.2689121,112.7994734,SPPG Kota Surabaya Mulyorejo Mulyorejo 3,-7.271760216268,112.785855092526,1.535
24,Sdn Sutorejo 1-240,SD,401,MULYOREJO,-7.2595864,112.7910639,SPPG Kota Surabaya Mulyorejo Mulyorejo,-7.260168999089,112.781760996572,1.028
43,Ma Negeri Surabaya,SMA/SMK,1193,RUNGKUT,-7.3090269,112.7984608,SPPG Kota Surabaya Rungkut Medokan Ayu,-7.319832846885,112.794419568801,1.282
45,Sma Negeri 17,SMA/SMK,1118,RUNGKUT,-7.3275132,112.7749979,SPPG Kota Surabaya Rungkut Rungkut Kidul,-7.327642020456,112.772012004988,0.33
44,Sma Negeri 14 Surabaya,SMA/SMK,1115,RUNGKUT,-7.3152241,112.7656165,SPPG Kota Surabaya Rungkut Kalirungkut,-7.324757330693,112.773091979959,1.343
42,Smp Negeri 35,SMP,1094,RUNGKUT,-7.3274602,112.7728435,SPPG Kota Surabaya Rungkut Kalirungkut 2,-7.324187880067,112.779434766983,0.813
40,Madrasah Tsanawiyah Negeri 3 Surabaya,SMP,1081,RUNGKUT,-7.3247345,112.7961373,SPPG Kota Surabaya Rungkut Medokan Ayu 2,-7.327093299165,112.792632576447,0.467
39,Madrasah Tsanawiyah Negeri 3 Kota Surabaya,SMP,1070,RUNGKUT,-7.3251369,112.796495,SPPG Kota Surabaya Rungkut Penjaringansari,-7.322549008449,112.789185015852,0.856
41,Smp Negeri 23 Surabaya,SMP,1014,RUNGKUT,-7.3199654,112.7775606,SPPG Kota Surabaya Rungkut Kedung Baruk,-7.3201097,112.7792538,0.187
33,Sd Negeri Medokan Ayu Ii,SD,447,RUNGKUT,-7.3280093,112.7911258,SPPG Kota Surabaya Rungkut,-7.3223,112.7822,1.171
26,Mi Negeri Medokan Ayu,SD,446,RUNGKUT,-7.3246549,112.7968495,SPPG Kota Surabaya Rungkut Penjaringansari 4,-7.319335511136,112.783792498932,1.557
31,Sd Negeri Kendang Sari Iv Nomor 279,SD,445,RUNGKUT,-7.323502,112.765009,SPPG Kota Surabaya Rungkut Penjaringansari 3,-7.3223,112.7822,1.901
38,Sd Negeri Wonorejo Nomor 274,SD,443,RUNGKUT,-7.3113677,112.7968442,SPPG Kota Surabaya Rungkut Penjaringansari 4,-7.319335511136,112.783792498932,1.69
30,Sd Negeri Kendang Sari Iii,SD,437,RUNGKUT,-7.3187182,112.763671,SPPG Kota Surabaya Rungkut Penjaringansari 3,-7.3223,112.7822,2.082
27,Sd Negeri Kalirungkut I No. 264,SD,436,RUNGKUT,-7.3221935,112.7703674,SPPG Kota Surabaya Rungkut,-7.3223,112.7822,1.305
34,Sd Negeri Penjaringan I / 271,SD,434,RUNGKUT,-7.3151706,112.7838036,SPPG Kota Surabaya Rungkut Kedung Baruk,-7.3201097,112.7792538,0.744
37,Sd Negeri Rungkut Kidul Ii - 581,SD,434,RUNGKUT,-7.3280981,112.7780877,SPPG Kota Surabaya Rungkut Kalirungkut 2,-7.324187880067,112.779434766983,0.459
35,Sd Negeri Penjaringan Sari Ii,SD,426,RUNGKUT,-7.3190313,112.7866784,SPPG Kota Surabaya Rungkut Penjaringansari,-7.322549008449,112.789185015852,0.479
28,Sd Negeri Kalirungkut Iv,SD,413,RUNGKUT,-7.3262744,112.7784362,SPPG Kota Surabaya Rungkut Kalirungkut,-7.324757330693,112.773091979959,0.613
32,Sd Negeri Medokan Ayu I,SD,410,RUNGKUT,-7.3295115,112.7948318,SPPG Kota Surabaya Rungkut Medokan Ayu 2,-7.327093299165,112.792632576447,0.362
29,Sd Negeri Kedung Baruk I / 275,SD,407,RUNGKUT,-7.3121226,112.7759586,SPPG Kota Surabaya Rungkut Rungkut Kidul,-7.327642020456,112.772012004988,1.78
36,Sd Negeri Rungkut Kidul I/267,SD,406,RUNGKUT,-7.3300049,112.7709265,SPPG Kota Surabaya Rungkut Medokan Ayu,-7.319832846885,112.794419568801,2.827
60,Smk Negeri 10 Surabaya,SMA/SMK,1140,SUKOLILO,-7.2933984,112.800167,SPPG Kota Surabaya Sukolilo Medokan Semampir,-7.304322979089,112.793195672703,1.438
59,Sma Negeri 20 Surabaya,SMA/SMK,1109,SUKOLILO,-7.3071326,112.7892382,SPPG Kota Surabaya Sukolilo Nginden Jangkungan 2,-7.305555862695,112.772618832255,1.841
58,Smp Negeri 30 Surabaya,SMP,1077,SUKOLILO,-7.3070097,112.7902185,SPPG Kota Surabaya Sukolilo Semolowaru,-7.297155257795,112.775514396032,1.957
57,Mts Negeri 1 Surabaya,SMP,1066,SUKOLILO,-7.3080955,112.7863865,SPPG Kota Surabaya Sukolilo Nginden Jangkungan,-7.3033426,112.7664091,2.266
49,Sd Negeri Manyar Sabrangan 3,SD,449,SUKOLILO,-7.2849156,112.7739343,SPPG Kota Surabaya Sukolilo Klampis Ngasem 2,-7.289840993243,112.775878624869,0.588
56,Sdn Semolowaru 2/262,SD,447,SUKOLILO,-7.3003136,112.7795773,SPPG Kota Surabaya Sukolilo Klampis Ngasem,-7.290615382274,112.774984814588,1.191
50,Sd Negeri Medokan Semampir 1,SD,432,SUKOLILO,-7.3049728,112.7822079,SPPG Kota Surabaya Sukolilo Menur Pumpungan,-7.297736689121,112.768613897622,1.702
48,Sd Negeri Klampis Ngasem 5,SD,430,SUKOLILO,-7.2851985,112.7737939,SPPG Kota Surabaya Sukolilo Klampis Ngasem 2,-7.289840993243,112.775878624869,0.565
54,Sd Negeri Nginden Jangkungan 2 No 611,SD,428,SUKOLILO,-7.3023832,112.7694342,SPPG Kota Surabaya Sukolilo Menur Pumpungan,-7.297736689121,112.768613897622,0.525
52,Sd Negeri Menur Pumpungan 4,SD,423,SUKOLILO,-7.2993116,112.7648496,SPPG Kota Surabaya Sukolilo Klampis Ngasem,-7.290615382274,112.774984814588,1.478
55,Sd Negeri Semolowaru 4/614,SD,420,SUKOLILO,-7.3037702,112.7756995,SPPG Kota Surabaya Sukolilo Nginden Jangkungan 2,-7.305555862695,112.772618832255,0.394
53,Sd Negeri Menur Pumpungan V,SD,414,SUKOLILO,-7.2971207,112.7644104,SPPG Kota Surabaya Sukolilo Nginden Jangkungan,-7.3033426,112.7664091,0.726
51,Sd Negeri Menur Pumpungan,SD,413,SUKOLILO,-7.2885451,112.7659991,SPPG Kota Surabaya Sukolilo Semolowaru,-7.297155257795,112.775514396032,1.421
47,Sd Negeri Klampis Ngasem 3,SD,408,SUKOLILO,-7.2810928,112.7714031,SPPG Kota Surabaya Sukolilo Medokan Semampir,-7.304322979089,112.793195672703,3.528
46,Sd Negeri Keputih 245,SD,403,SUKOLILO,-7.289573,112.7848946,SPPG Kota Surabaya Sukolilo Klampis Ngasem 2,-7.289840993243,112.775878624869,0.995
76,Smp Negeri 9 Surabaya,SMP,1040,TAMBAKSARI,-7.2500157,112.7653516,SPPG Kota Surabaya Tambaksari Pacarkembang,-7.257147993547,112.764616987093,0.797
62,Sd Negeri Gading Iii,SD,450,TAMBAKSARI,-7.2479587,112.7789512,SPPG Kota Surabaya Tambaksari Gading 2,-7.246559386722,112.774114689219,0.556
73,"Sd Negeri Rangkah Vi, Sd Negeri Rangkah Vii",SD,445,TAMBAKSARI,-7.2488259,112.7600892,SPPG Kota Surabaya Tambaksari Tambaksari 2,-7.254102680485,112.755204528922,0.797
71,Sd Negeri Ploso V,SD,444,TAMBAKSARI,-7.251375,112.7741626,SPPG Kota Surabaya Tambaksari Gading,-7.2461338,112.7729803,0.597
68,Sd Negeri Pacarkembang,SD,438,TAMBAKSARI,-7.2562786,112.765432,SPPG Kota Surabaya Tambaksari Pacarkeling 3,-7.258436417793,112.757119626159,0.948
75,Sd Negeri Tambaksari Iii,SD,437,TAMBAKSARI,-7.2508246,112.7546594,SPPG Kota Surabaya Tambaksari Pacarkeling 1,-7.258704010052,112.755940627659,0.887
72,"Sd Negeri Rangkah I, Sd Negeri Rangkah Iv",SD,428,TAMBAKSARI,-7.2484974,112.7595601,SPPG Kota Surabaya Tambaksari Tambaksari 1,-7.260056094853,112.756706817428,1.323
65,Sd Negeri Gading Vii & Ix,SD,426,TAMBAKSARI,-7.2424409,112.765306,SPPG Kota Surabaya Tambaksari Pacarkembang 2,-7.262476620852,112.771433905126,2.328
70,Sd Negeri Ploso Iii,SD,423,TAMBAKSARI,-7.2514442,112.7709145,SPPG Kota Surabaya Tambaksari Pacarkembang 3,-7.264657228205,112.761639111473,1.79
66,Sd Negeri Pacar Keling 1,SD,415,TAMBAKSARI,-7.2588341,112.7604435,SPPG Kota Surabaya Tambaksari Pacarkeling 2,-7.2620423175,112.753547988877,0.84
64,Sd Negeri Gading V & Viii,SD,412,TAMBAKSARI,-7.2406834,112.7627247,SPPG Kota Surabaya Tambaksari Gading,-7.2461338,112.7729803,1.283
63,Sd Negeri Gading Iv,SD,411,TAMBAKSARI,-7.2422649,112.7711971,SPPG Kota Surabaya Tambaksari Gading 2,-7.246559386722,112.774114689219,0.576
69,Sd Negeri Ploso I,SD,410,TAMBAKSARI,-7.2518029,112.7636384,SPPG Kota Surabaya Tambaksari Pacarkeling 3,-7.258436417793,112.757119626159,1.03
74,Sd Negeri Tambaksari I,SD,407,TAMBAKSARI,-7.2515303,112.7538699,SPPG Kota Surabaya Tambaksari Tambaksari 2,-7.254102680485,112.755204528922,0.322
67,Sd Negeri Pacar Keling 5-6-7-8,SD,406,TAMBAKSARI,-7.258024,112.7550497,SPPG Kota Surabaya Tambaksari Pacarkeling 1,-7.258704010052,112.755940627659,0.124
61,Sd Negeri Gading 1,SD,400,TAMBAKSARI,-7.2451932,112.7695033,SPPG Kota Surabaya Tambaksari Pacarkembang 2,-7.262476620852,112.771433905126,1.934
85,Sma Negeri 16 Surabaya,SMA/SMK,1142,TENGGILIS MEJOYO,-7.3099429,112.7596512,SPPG Kota Surabaya Tenggilis Mejoyo Panjang Jiwo,-7.310744690388,112.759053415041,0.111
84,Smp Negeri 39 Surabaya,SMP,1002,TENGGILIS MEJOYO,-7.3099125,112.7603895,SPPG Kota Surabaya Tenggilis Mejoyo Tenggilis Mejoyo,-7.312176990002,112.756075995395,0.538
79,Sd Negeri Kendangsari 5,SD,450,TENGGILIS MEJOYO,-7.3211228,112.7523806,SPPG Kota Surabaya Tenggilis Mejoyo Kendangsari,-7.3268,112.75,0.684
83,Sdn Tenggilis Mejoyo 1,SD,450,TENGGILIS MEJOYO,-7.3131164,112.7581571,SPPG Kota Surabaya Tenggilis Mejoyo Kendangsari,-7.3268,112.75,1.768
80,Sd Negeri Kutisari 2,SD,443,TENGGILIS MEJOYO,-7.3352442,112.7472824,SPPG Kota Surabaya Tenggilis Mejoyo Tenggilis Mejoyo,-7.312176990002,112.756075995395,2.742
82,Sd Negeri Tenggilis Mejoyo 1,SD,439,TENGGILIS MEJOYO,-7.3157546,112.7543289,SPPG Kota Surabaya Tenggilis Mejoyo Panjang Jiwo,-7.310744690388,112.759053415041,0.763
81,Sd Negeri Panjang Jiwo 1 No.265,SD,434,TENGGILIS MEJOYO,-7.3087431,112.76159,SPPG Kota Surabaya Tenggilis Mejoyo Kendangsari,-7.3268,112.75,2.38
77,Sd Negeri Kendangsari 1,SD,424,TENGGILIS MEJOYO,-7.3213213,112.7522139,SPPG Kota Surabaya Tenggilis Mejoyo Tenggilis Mejoyo,-7.312176990002,112.756075995395,1.102
78,Sd Negeri Kendangsari 2,SD,418,TENGGILIS MEJOYO,-7.3227346,112.7507928,SPPG Kota Surabaya Tenggilis Mejoyo Panjang Jiwo,-7.310744690388,112.759053415041,1.615
