no,osm_id,nama_sekolah,jenjang,jumlah_siswa,kecamatan,alamat,kota,lat,lng
1,475562063,Sd Negeri Airlangga Iii Nomor 200,SD,439,GUBENG,"Jalan Karang Menur 4 11, Gubeng, Jawa Timur 60286, Idn",Surabaya,-7.2756469,112.760769
2,470884154,Sd Negeri Gubeng I,SD,416,GUBENG,"Jalan Gubeng Jaya 4, Gubeng, Jawa Timur 60281, Idn",Surabaya,-7.2724586,112.7541806
3,467106558,Sd Negeri Kertajaya,SD,421,GUBENG,"Jalan Pucang Jajar 14A, Gubeng, Jawa Timur 60282, Idn",Surabaya,-7.2834351,112.7598779
4,475201620,Sd Negeri Kertajaya I Nomor 2017,SD,417,GUBENG,"Jalan Gubeng Kertajaya 10B 11A, Gubeng, Jawa Timur 60282, Idn",Surabaya,-7.2796928,112.7596454
5,450537997,Sd Negeri Kertajaya Iv,SD,442,GUBENG,"Jalan Pucang Windu, Gubeng, Jawa Timur 60282, Idn",Surabaya,-7.2832467,112.7518648
6,467108109,Sd Negeri Kertajaya Ix Nomor 215,SD,424,GUBENG,"Jalan Pucang Anom 9, Gubeng, Jawa Timur 60282, Idn",Surabaya,-7.284033,112.7517944
7,475222525,Sd Negeri Kertajaya V Nomor 211,SD,400,GUBENG,"Jalan Gubeng Kertajaya 4D 33, Gubeng, Jawa Timur 60282, Idn",Surabaya,-7.2802469,112.7539416
8,469351126,Sd Negeri Mojo Vi Nomor 225,SD,418,GUBENG,"Jalan Mojo Klanggru Kidul 147, Gubeng, Jawa Timur 60285, Idn",Surabaya,-7.269058,112.7705012
9,475565448,Sd Negeri Mojo Viii Nomor 227,SD,414,GUBENG,"Jalan Karang Menjangan Gang 3 E, Gubeng, Jawa Timur 60285, Idn",Surabaya,-7.2708142,112.7629625
10,447608026,Sd Negeri Pacar Keling X,SD,436,GUBENG,"Jalan Gubeng Masjid 2 12, Tambaksari, Jawa Timur 60131, Idn",Surabaya,-7.2674335,112.754024
11,449149849,Sd Negeri Pacar Kembang Iv,SD,446,GUBENG,"Jalan Kedung Tarukan Wetan 1, Gubeng, Jawa Timur 60132, Idn",Surabaya,-7.263804,112.7635538
12,447608016,Sekolah Dasar Negeri Gubeng Iii - 206,SD,402,GUBENG,"Jalan Gubeng Kelingsingan 3 16F, Gubeng, Jawa Timur 60281, Idn",Surabaya,-7.269412,112.7535019
13,429000274,Smp Negeri 6 Surabaya,SMP,1006,GUBENG,"Jalan Jawa 18, Gubeng, Jawa Timur 60281, Idn",Surabaya,-7.273867,112.7485632
14,449624598,Smpn 29 Surabaya,SMP,1045,GUBENG,"Jalan Gubeng Masjid 6 4G, Tambaksari, Jawa Timur 60131, Idn",Surabaya,-7.2659374,112.7558135
15,470936374,Smk Negeri 5 Surabaya,SMA/SMK,1147,GUBENG,"60285, Gubeng, Jawa Timur, Idn",Surabaya,-7.2651282,112.7691311
16,466281991,Sd Negeri Gunung Anyar 273,SD,431,GUNUNG ANYAR,"Jalan Gunung Anyar Lor Gang 2, Gunung Anyar, Jawa Timur 60294, Idn",Surabaya,-7.3332211,112.7834048
17,464842266,Sd Negeri Gununganyar Tambak No 628,SD,446,GUNUNG ANYAR,"Jalan Wiguna Timur 12 628, Gunung Anyar, Jawa Timur 60294, Idn",Surabaya,-7.3371773,112.8036513
18,461994605,Sd Negeri Rungkut Menanggal Ii,SD,449,GUNUNG ANYAR,"Jalan Rungkut Menanggal Utara 10 M15, Gunung Anyar, Jawa Timur 60293, Idn",Surabaya,-7.3364419,112.7775149
19,1243541226,Smpn 62 Surabaya,SMP,1056,GUNUNG ANYAR,"Jalan Gunung Anyar Sawah, Gunung Anyar, Jawa Timur 60294, Idn",Surabaya,-7.3417855,112.7947526
20,450772006,Sd Negeri Kalijudan Ii,SD,432,MULYOREJO,"Jalan Kalijudan 136, Mulyorejo, Jawa Timur 60114, Idn",Surabaya,-7.2571061,112.779005
21,450507068,Sd Negeri Kalisari I,SD,437,MULYOREJO,"Jalan Mulyosari Utara 9 10, Mulyorejo, Jawa Timur 60112, Idn",Surabaya,-7.2612227,112.796486
22,466551713,Sd Negeri Kalisari Ii,SD,420,MULYOREJO,"Jalan Taman Bhaskara 1, Mulyorejo, Jawa Timur 60112, Idn",Surabaya,-7.2689121,112.7994734
23,470110534,Sd Negeri Kejawen Putih 1,SD,440,MULYOREJO,"Jalan Kejawan Putih Tambak 52, Mulyorejo, Jawa Timur 60112, Idn",Surabaya,-7.2773006,112.802061
24,1453966502,Sdn Sutorejo 1-240,SD,401,MULYOREJO,"Jalan Mulyorejo Utara, Mulyorejo, Jawa Timur 60113, Idn",Surabaya,-7.2595864,112.7910639
25,470217712,Sd Negeri Mulyorejo 1 Dan Smp Negeri 45 Surabaya,SMP,1082,MULYOREJO,"Jalan Sutorejo Baru, Mulyorejo, Jawa Timur 60113, Idn",Surabaya,-7.2637184,112.7852997
26,468615391,Mi Negeri Medokan Ayu,SD,446,RUNGKUT,"Jalan Mendokan Asri Utara 3, Rungkut, Jawa Timur 60295, Idn",Surabaya,-7.3246549,112.7968495
27,945785753,Sd Negeri Kalirungkut I No. 264,SD,436,RUNGKUT,"Jalan Rungkut Alang-Alang, Rungkut, Jawa Timur 60293, Idn",Surabaya,-7.3221935,112.7703674
28,466586566,Sd Negeri Kalirungkut Iv,SD,413,RUNGKUT,"Jalan Rungkut Harapan 27, Rungkut, Jawa Timur 60293, Idn",Surabaya,-7.3262744,112.7784362
29,463575451,Sd Negeri Kedung Baruk I / 275,SD,407,RUNGKUT,"Jalan Baruk Utara 1, Rungkut, Jawa Timur 60298, Idn",Surabaya,-7.3121226,112.7759586
30,467117563,Sd Negeri Kendang Sari Iii,SD,437,RUNGKUT,"Jalan Tenggilis Mejoyo Utara, Rungkut, Jawa Timur 60293, Idn",Surabaya,-7.3187182,112.763671
31,467117570,Sd Negeri Kendang Sari Iv Nomor 279,SD,445,RUNGKUT,"Jalan Rungkut Mejoyo Selatan 10 7, Rungkut, Jawa Timur 60293, Idn",Surabaya,-7.323502,112.765009
32,468614192,Sd Negeri Medokan Ayu I,SD,410,RUNGKUT,"Jalan Medokan Ayu 136, Rungkut, Jawa Timur 60295, Idn",Surabaya,-7.3295115,112.7948318
33,468597515,Sd Negeri Medokan Ayu Ii,SD,447,RUNGKUT,"Jalan Medokan Asri Barat 8 18, Rungkut, Jawa Timur 60295, Idn",Surabaya,-7.3280093,112.7911258
34,461337000,Sd Negeri Penjaringan I / 271,SD,434,RUNGKUT,"Jalan Kendal Sari Selatan 16, Rungkut, Jawa Timur 60297, Idn",Surabaya,-7.3151706,112.7838036
35,461336998,Sd Negeri Penjaringan Sari Ii,SD,426,RUNGKUT,"Jalan Pandugo Baru 6 3, Rungkut, Jawa Timur 60297, Idn",Surabaya,-7.3190313,112.7866784
36,311411556,Sd Negeri Rungkut Kidul I/267,SD,406,RUNGKUT,"Jalan Rungkut Kidul Gang 4, Rungkut, Jawa Timur 60293, Idn",Surabaya,-7.3300049,112.7709265
37,469321823,Sd Negeri Rungkut Kidul Ii - 581,SD,434,RUNGKUT,"Jalan Rungkut Asri Tengah 11 27, Rungkut, Jawa Timur 60293, Idn",Surabaya,-7.3280981,112.7780877
38,465067582,Sd Negeri Wonorejo Nomor 274,SD,443,RUNGKUT,"Jalan Wonorejo Rungkut, Rungkut, Jawa Timur 60296, Idn",Surabaya,-7.3113677,112.7968442
39,468592626,Madrasah Tsanawiyah Negeri 3 Kota Surabaya,SMP,1070,RUNGKUT,"Jalan Medokan Ayu, Rungkut, Jawa Timur 60295, Idn",Surabaya,-7.3251369,112.796495
40,4631071198,Madrasah Tsanawiyah Negeri 3 Surabaya,SMP,1081,RUNGKUT,"Jalan Mendokan Asri Tengah, Rungkut, Jawa Timur 60295, Idn",Surabaya,-7.3247345,112.7961373
41,450316616,Smp Negeri 23 Surabaya,SMP,1014,RUNGKUT,"Jalan Kedung Baruk Barat, Rungkut, Jawa Timur 60298, Idn",Surabaya,-7.3199654,112.7775606
42,311395473,Smp Negeri 35,SMP,1094,RUNGKUT,"Jalan Rungkut Asri Barat 8 2, Rungkut, Jawa Timur 60293, Idn",Surabaya,-7.3274602,112.7728435
43,465066919,Ma Negeri Surabaya,SMA/SMK,1193,RUNGKUT,"Jalan Wonorejo Timur, Rungkut, Jawa Timur 60296, Idn",Surabaya,-7.3090269,112.7984608
44,467117565,Sma Negeri 14 Surabaya,SMA/SMK,1115,RUNGKUT,"Jalan Tenggilis Mejoyo, Rungkut, Jawa Timur 60293, Idn",Surabaya,-7.3152241,112.7656165
45,185396218,Sma Negeri 17,SMA/SMK,1118,RUNGKUT,"Jalan Rungkut Asri Barat 1 56, Rungkut, Jawa Timur 60293, Idn",Surabaya,-7.3275132,112.7749979
46,465318724,Sd Negeri Keputih 245,SD,403,SUKOLILO,"Jalan Arief Rachman Hakim 14A, Sukolilo, Jawa Timur 60111, Idn",Surabaya,-7.289573,112.7848946
47,449316569,Sd Negeri Klampis Ngasem 3,SD,408,SUKOLILO,"Jalan Manyar Kertoarjo 3, Sukolilo, Jawa Timur 60117, Idn",Surabaya,-7.2810928,112.7714031
48,449316572,Sd Negeri Klampis Ngasem 5,SD,430,SUKOLILO,"Jalan Manyar Tirtoyoso Selatan 1 1, Sukolilo, Jawa Timur 60117, Idn",Surabaya,-7.2851985,112.7737939
49,449316568,Sd Negeri Manyar Sabrangan 3,SD,449,SUKOLILO,"Sd Negeri Manyar Sabrangan, Sukolilo, Jawa Timur, 60117, Idn",Surabaya,-7.2849156,112.7739343
50,4478422246,Sd Negeri Medokan Semampir 1,SD,432,SUKOLILO,"Jalan Semampir Utara, Sukolilo, Jawa Timur 60119, Idn",Surabaya,-7.3049728,112.7822079
51,449826523,Sd Negeri Menur Pumpungan,SD,413,SUKOLILO,"Jalan Manyar Kartika 8 2, Sukolilo, Jawa Timur 60118, Idn",Surabaya,-7.2885451,112.7659991
52,449826522,Sd Negeri Menur Pumpungan 4,SD,423,SUKOLILO,"Jalan Nginden Semolo 30, Sukolilo, Jawa Timur 60118, Idn",Surabaya,-7.2993116,112.7648496
53,449826526,Sd Negeri Menur Pumpungan V,SD,414,SUKOLILO,"Jalan Manyar Rejo 1 34, Sukolilo, Jawa Timur 60118, Idn",Surabaya,-7.2971207,112.7644104
54,474343585,Sd Negeri Nginden Jangkungan 2 No 611,SD,428,SUKOLILO,"Jalan Nginden Baru 6 26, Sukolilo, Jawa Timur 60118, Idn",Surabaya,-7.3023832,112.7694342
55,474304786,Sd Negeri Semolowaru 4/614,SD,420,SUKOLILO,"Jalan Semolowaru Tengah 12 7, Sukolilo, Jawa Timur 60119, Idn",Surabaya,-7.3037702,112.7756995
56,448269767,Sdn Semolowaru 2/262,SD,447,SUKOLILO,"Jalan Semolowaru Utara, Sukolilo, Jawa Timur 60119, Idn",Surabaya,-7.3003136,112.7795773
57,450968408,Mts Negeri 1 Surabaya,SMP,1066,SUKOLILO,"Jalan Medokan Semampir Indah, Sukolilo, Jawa Timur 60119, Idn",Surabaya,-7.3080955,112.7863865
58,450968410,Smp Negeri 30 Surabaya,SMP,1077,SUKOLILO,"Jalan Medokan Semampir Indah, Sukolilo, Jawa Timur 60119, Idn",Surabaya,-7.3070097,112.7902185
59,450968411,Sma Negeri 20 Surabaya,SMA/SMK,1109,SUKOLILO,"Jalan Medokan Semampir Indah, Sukolilo, Jawa Timur 60119, Idn",Surabaya,-7.3071326,112.7892382
60,450315802,Smk Negeri 10 Surabaya,SMA/SMK,1140,SUKOLILO,"Jalan Smea Negeri 3, Sukolilo, Jawa Timur 60111, Idn",Surabaya,-7.2933984,112.800167
61,449512565,Sd Negeri Gading 1,SD,400,TAMBAKSARI,"Jalan Gading Sekolahan 1 393, Tambaksari, Jawa Timur 60134, Idn",Surabaya,-7.2451932,112.7695033
62,449512553,Sd Negeri Gading Iii,SD,450,TAMBAKSARI,"Jalan Lebak Rejo 179, Tambaksari, Jawa Timur 60134, Idn",Surabaya,-7.2479587,112.7789512
63,448233095,Sd Negeri Gading Iv,SD,411,TAMBAKSARI,"Jalan Gading Karya 1 35J, Tambaksari, Jawa Timur 60134, Idn",Surabaya,-7.2422649,112.7711971
64,448102467,Sd Negeri Gading V & Viii,SD,412,TAMBAKSARI,"Jalan Kapas Baru 4 14, Tambaksari, Jawa Timur 60137, Idn",Surabaya,-7.2406834,112.7627247
65,449842366,Sd Negeri Gading Vii & Ix,SD,426,TAMBAKSARI,"Jalan Kapas Lor Wetan 6 11, Tambaksari, Jawa Timur 60137, Idn",Surabaya,-7.2424409,112.765306
66,449624591,Sd Negeri Pacar Keling 1,SD,415,TAMBAKSARI,"Jalan Tambang Boyo 156, Tambaksari, Jawa Timur 60132, Idn",Surabaya,-7.2588341,112.7604435
67,449624592,Sd Negeri Pacar Keling 5-6-7-8,SD,406,TAMBAKSARI,"Jalan Mendut 1, Tambaksari, Jawa Timur 60131, Idn",Surabaya,-7.258024,112.7550497
68,449151865,Sd Negeri Pacarkembang,SD,438,TAMBAKSARI,"Jalan Bronggalan 36, Tambaksari, Jawa Timur 60132, Idn",Surabaya,-7.2562786,112.765432
69,450536490,Sd Negeri Ploso I,SD,410,TAMBAKSARI,"Jalan Ploso 6 15, Tambaksari, Jawa Timur 60133, Idn",Surabaya,-7.2518029,112.7636384
70,450536492,Sd Negeri Ploso Iii,SD,423,TAMBAKSARI,"Gang 10 2, Tambaksari, Jawa Timur 60133, Idn",Surabaya,-7.2514442,112.7709145
71,450536485,Sd Negeri Ploso V,SD,444,TAMBAKSARI,"Jalan Karang Asem 11 2, Tambaksari, Jawa Timur 60133, Idn",Surabaya,-7.251375,112.7741626
72,447635917,"Sd Negeri Rangkah I, Sd Negeri Rangkah Iv",SD,428,TAMBAKSARI,"Jalan Tambak Segaran Wetan 43I, Tambaksari, Jawa Timur 60135, Idn",Surabaya,-7.2484974,112.7595601
73,449296676,"Sd Negeri Rangkah Vi, Sd Negeri Rangkah Vii",SD,445,TAMBAKSARI,"Jalan Kapas Krampung 47, Tambaksari, Jawa Timur 60135, Idn",Surabaya,-7.2488259,112.7600892
74,467339094,Sd Negeri Tambaksari I,SD,407,TAMBAKSARI,"Jalan Nanas 12, Tambaksari, Jawa Timur 60136, Idn",Surabaya,-7.2515303,112.7538699
75,448071252,Sd Negeri Tambaksari Iii,SD,437,TAMBAKSARI,"Jalan Jeruk 8, Tambaksari, Jawa Timur 60136, Idn",Surabaya,-7.2508246,112.7546594
76,125578780,Smp Negeri 9 Surabaya,SMP,1040,TAMBAKSARI,"Jalan Taman Putro Agung 2, Tambaksari, Jawa Timur 60135, Idn",Surabaya,-7.2500157,112.7653516
77,451313338,Sd Negeri Kendangsari 1,SD,424,TENGGILIS MEJOYO,"Jalan Tenggilis Tengah, Tenggilis Mejoyo, Jawa Timur 60292, Idn",Surabaya,-7.3213213,112.7522139
78,460853348,Sd Negeri Kendangsari 2,SD,418,TENGGILIS MEJOYO,"Jalan Kendang Sari Gang Sd Inpres 97A, Tenggilis Mejoyo, Jawa Timur 60292, Idn",Surabaya,-7.3227346,112.7507928
79,451313363,Sd Negeri Kendangsari 5,SD,450,TENGGILIS MEJOYO,"Jalan Tenggilis Timur 4 69, Tenggilis Mejoyo, Jawa Timur 60292, Idn",Surabaya,-7.3211228,112.7523806
80,462689478,Sd Negeri Kutisari 2,SD,443,TENGGILIS MEJOYO,"Jalan Kutisari Selatan 29, Tenggilis Mejoyo, Jawa Timur 60291, Idn",Surabaya,-7.3352442,112.7472824
81,459323952,Sd Negeri Panjang Jiwo 1 No.265,SD,434,TENGGILIS MEJOYO,"Jalan Panjangjiwo Gang Besar, Tenggilis Mejoyo, Jawa Timur 60299, Idn",Surabaya,-7.3087431,112.76159
82,459536849,Sd Negeri Tenggilis Mejoyo 1,SD,439,TENGGILIS MEJOYO,"Jalan Raya Prapen, Tenggilis Mejoyo, Jawa Timur 60292, Idn",Surabaya,-7.3157546,112.7543289
83,13475865601,Sdn Tenggilis Mejoyo 1,SD,450,TENGGILIS MEJOYO,"Jalan Prapen Indah 2 14A, Tenggilis Mejoyo, Jawa Timur 60299, Idn",Surabaya,-7.3131164,112.7581571
84,459323949,Smp Negeri 39 Surabaya,SMP,1002,TENGGILIS MEJOYO,"Jalan Sarono Jiwo 1, Tenggilis Mejoyo, Jawa Timur 60299, Idn",Surabaya,-7.3099125,112.7603895
85,459323950,Sma Negeri 16 Surabaya,SMA/SMK,1142,TENGGILIS MEJOYO,"Jalan Raya Prapen, Tenggilis Mejoyo, Jawa Timur 60299, Idn",Surabaya,-7.3099429,112.7596512
